Memory,Read,W1.writes,W2.writes,W3.writes
31801344,,,,
32280576,655360,589824,589824,589824
33345536,1310720,1245184,1245184,1245184
33873920,1966080,1966080,1966080,1966080
33873920,2752512,2686976,2686976,2686976
34140160,3538944,3473408,3473408,3473408
35491840,4259840,4194304,4194304,4194304
36032512,4915200,4849664,4849664,4849664
36032512,5636096,5570560,5570560,5570560
36032512,6422528,6356992,6356992,6356992
36032512,7077888,7012352,7012352,7012352
39006208,7667712,7602176,7602176,7602176
39743488,8388608,8323072,8323072,8323072
40550400,9175040,9109504,9109504,9109504
41631744,9895936,9830400,9830400,9830400
42442752,10616832,10551296,10551296,10551296
43794432,11403264,11337728,11337728,11337728
43794432,12058624,11993088,11993088,11993088
43794432,12648448,12582912,12582912,12582912
43794432,13303808,13238272,13238272,13238272
43794432,13893632,13828096,13828096,13828096
43794432,14548992,14483456,14483456,14483456
43794432,15204352,15138816,15138816,15138816
44064768,15925248,15859712,15859712,15859712
44335104,16646144,16580608,16580608,16580608
44597248,17367040,17301504,17301504,17301504
44597248,18153472,18087936,18087936,18087936
45584384,18874368,18808832,18808832,18808832
45584384,19529728,19529728,19529728,19529728
45584384,20250624,20185088,20185088,20185088
45699072,21037056,20971520,20971520,20971520
45699072,21692416,21626880,21626880,21626880
45699072,22413312,22347776,22347776,22347776
45699072,23134208,23068672,23068672,23068672
45916160,23789568,23724032,23724032,23724032
45830144,24313856,24248320,24248320,24248320
45830144,25034752,24969216,24969216,24969216
45830144,25559040,25493504,25493504,25493504
46116864,26148864,26083328,26083328,26083328
46809088,26804224,26738688,26738688,26738688
46809088,27525120,27459584,27459584,27459584
46809088,28246016,28180480,28180480,28180480
46809088,28966912,28901376,28901376,28901376
46809088,29622272,29556736,29556736,29556736
46809088,30343168,30277632,30277632,30277632
47751168,30998528,30932992,30932992,30932992
47693824,31719424,31653888,31653888,31653888
47693824,32374784,32309248,32309248,32309248
47693824,33030144,33030144,33030144,33030144
47693824,33751040,33685504,33685504,33685504
47693824,34406400,34340864,34340864,34340864
48775168,35127296,35061760,35061760,35061760
48775168,35782656,35717120,35717120,35717120
48775168,36569088,36503552,36503552,36503552
48775168,37224448,37158912,37158912,37158912
48775168,37814272,37748736,37748736,37748736
48848896,38404096,38338560,38338560,38338560
48848896,39124992,39059456,39059456,39059456
48848896,39845888,39780352,39780352,39780352
48848896,40435712,40435712,40435712,40435712
48877568,40960000,40894464,40894464,40894464
48754688,41549824,41484288,41484288,41484288
48754688,42270720,42205184,42205184,42205184
48754688,42991616,42926080,42926080,42926080
49836032,43712512,43712512,43712512,43712512
49836032,44433408,44367872,44367872,44367872
49836032,45023232,44957696,44957696,44957696
49836032,45613056,45547520,45547520,45547520
49836032,46399488,46333952,46333952,46333952
49836032,47054848,46989312,46989312,46989312
49836032,47710208,47644672,47644672,47644672
49836032,48365568,48300032,48300032,48300032
49836032,49020928,48955392,48955392,48955392
50049024,49610752,49545216,49545216,49545216
50049024,50266112,50200576,50200576,50200576
50049024,50987008,50921472,50921472,50921472
50049024,51642368,51576832,51576832,51576832
50049024,52232192,52166656,52166656,52166656
50049024,52822016,52756480,52756480,52756480
49979392,53346304,53280768,53280768,53280768
49979392,54001664,53936128,53936128,53936128
49979392,54788096,54722560,54722560,54722560
49979392,55443456,55377920,55377920,55377920
49979392,56164352,56098816,56098816,56098816
49979392,56754176,56688640,56688640,56688640
49979392,57344000,57278464,57278464,57278464
49979392,58064896,57999360,57999360,57999360
49979392,58785792,58720256,58720256,58720256
49860608,59441152,59375616,59375616,59375616
49860608,60096512,60030976,60030976,60030976
49860608,60751872,60686336,60686336,60686336
50790400,61341696,61276160,61276160,61276160
50790400,62062592,61997056,61997056,61997056
51040256,62717952,62652416,62652416,62652416
51040256,63438848,63373312,63373312,63373312
51040256,64159744,64159744,64159744,64159744
51040256,64815104,64749568,64749568,64749568
51040256,65404928,65339392,65339392,65339392
51040256,66125824,66060288,66060288,66060288
51040256,66781184,66715648,66715648,66715648
51040256,67436544,67371008,67371008,67371008
51040256,68091904,68026368,68026368,68026368
51040256,68747264,68681728,68681728,68681728
51040256,69402624,69337088,69337088,69337088
51351552,70123520,70057984,70057984,70057984
51429376,70844416,70778880,70778880,70778880
51429376,71368704,71303168,71303168,71303168
51429376,71958528,71892992,71892992,71892992
51429376,72482816,72417280,72417280,72417280
51429376,73072640,73072640,73072640,73072640
51523584,73793536,73728000,73728000,73728000
51200000,74514432,74448896,74448896,74448896
51200000,75235328,75169792,75169792,75169792
51200000,75825152,75825152,75825152,75825152
51200000,76414976,76349440,76349440,76349440
51200000,77004800,76939264,76939264,76939264
51200000,77725696,77660160,77660160,77660160
51204096,78446592,78381056,78381056,78381056
51474432,79167488,79101952,79101952,79101952
51474432,79822848,79757312,79757312,79757312
51474432,80412672,80347136,80347136,80347136
51474432,80936960,80871424,80871424,80871424
51474432,81592320,81526784,81526784,81526784
51474432,82247680,82182144,82182144,82182144
51556352,82837504,82771968,82771968,82771968
51556352,83492864,83492864,83492864,83492864
51556352,84213760,84148224,84148224,84148224
51556352,84869120,84803584,84803584,84803584
51736576,85524480,85458944,85458944,85458944
51503104,86310912,86245376,86245376,86245376
51503104,87031808,86966272,86966272,86966272
51503104,87752704,87687168,87687168,87687168
52363264,88408064,88342528,88342528,88342528
52363264,89194496,89128960,89128960,89128960
52555776,89915392,89849856,89849856,89849856
52555776,90570752,90505216,90505216,90505216
52555776,91160576,91095040,91095040,91095040
52764672,91684864,91619328,91619328,91619328
52768768,92405760,92340224,92340224,92340224
52768768,93126656,93061120,93061120,93061120
52768768,93782016,93782016,93782016,93782016
52768768,94502912,94437376,94437376,94437376
52768768,95158272,95092736,95092736,95092736
52768768,95813632,95748096,95748096,95748096
52768768,96468992,96403456,96403456,96403456
52768768,97124352,97058816,97058816,97058816
53391360,97714176,97648640,97648640,97648640
53391360,98304000,98238464,98238464,98238464
53391360,98893824,98828288,98828288,98828288
53391360,99549184,99483648,99483648,99483648
53391360,100204544,100139008,100139008,100139008
53391360,100925440,100859904,100859904,100859904
53391360,101711872,101646336,101646336,101646336
53391360,102432768,102367232,102367232,102367232
53391360,103153664,103153664,103153664,103153664
53338112,103874560,103809024,103809024,103809024
53346304,104529920,104464384,104464384,104464384
53346304,105250816,105185280,105185280,105185280
53346304,105971712,105906176,105906176,105906176
53886976,106496000,106430464,106430464,106430464
53886976,107085824,107020288,107020288,107020288
53886976,107741184,107675648,107675648,107675648
53886976,108462080,108396544,108396544,108396544
53886976,109117440,109051904,109051904,109051904
53886976,109707264,109641728,109641728,109641728
53886976,110362624,110297088,110297088,110297088
53886976,110952448,110886912,110886912,110886912
53886976,111673344,111607808,111607808,111607808
53886976,112394240,112328704,112328704,112328704
53886976,113115136,113049600,113049600,113049600
53886976,113836032,113770496,113770496,113770496
53886976,114491392,114425856,114425856,114425856
53886976,115081216,115015680,115015680,115015680
53972992,115736576,115671040,115671040,115671040
54018048,116391936,116326400,116326400,116326400
54018048,117047296,116981760,116981760,116981760
54018048,117702656,117637120,117637120,117637120
54018048,118292480,118226944,118226944,118226944
54018048,118947840,118882304,118882304,118882304
54018048,119537664,119537664,119537664,119537664
54018048,120258560,120193024,120193024,120193024
54018048,120848384,120848384,120848384,120848384
54108160,121438208,121372672,121372672,121372672
54108160,122093568,122028032,122028032,122028032
54108160,122683392,122617856,122617856,122617856
54108160,123338752,123273216,123273216,123273216
54091776,123797504,123731968,123731968,123731968
54091776,124452864,124387328,124387328,124387328
54632448,125173760,125108224,125108224,125108224
54902784,125960192,125894656,125894656,125894656
54902784,126550016,126484480,126484480,126484480
54902784,127270912,127205376,127205376,127205376
54902784,127991808,127926272,127926272,127926272
54902784,128712704,128647168,128647168,128647168
54902784,129236992,129171456,129171456,129171456
54902784,129826816,129761280,129761280,129761280
54902784,130482176,130416640,130416640,130416640
54902784,131137536,131072000,131072000,131072000
54902784,131858432,131792896,131792896,131792896
54902784,132579328,132513792,132513792,132513792
54902784,133300224,133234688,133234688,133234688
54902784,133955584,133890048,133890048,133890048
55173120,134545408,134479872,134479872,134479872
55173120,135200768,135135232,135135232,135135232
55173120,135921664,135856128,135856128,135856128
55173120,136642560,136577024,136577024,136577024
55173120,137363456,137297920,137297920,137297920
55173120,138018816,137953280,137953280,137953280
55173120,138608640,138543104,138543104,138543104
55173120,139329536,139264000,139264000,139264000
55173120,140115968,140050432,140050432,140050432
55173120,140836864,140771328,140771328,140771328
55173120,141492224,141426688,141426688,141426688
55173120,142082048,142016512,142016512,142016512
55173120,142671872,142606336,142606336,142606336
55173120,143261696,143196160,143196160,143196160
55713792,143982592,143917056,143917056,143917056
55713792,144703488,144637952,144637952,144637952
55713792,145424384,145358848,145358848,145358848
55713792,146014208,145948672,145948672,145948672
55713792,146604032,146538496,146538496,146538496
55713792,147259392,147259392,147259392,147259392
55713792,147980288,147914752,147914752,147914752
55713792,148570112,148504576,148504576,148504576
55713792,149159936,149094400,149094400,149094400
55713792,149815296,149749760,149749760,149749760
55713792,150470656,150405120,150405120,150405120
55713792,151126016,151060480,151060480,151060480
55713792,151912448,151846912,151846912,151846912
55713792,152633344,152567808,152567808,152567808
56684544,153419776,153354240,153354240,153354240
56684544,154140672,154075136,154075136,154075136
56684544,154730496,154664960,154664960,154664960
56696832,155254784,155189248,155189248,155189248
56696832,155910144,155844608,155844608,155844608
56696832,156631040,156565504,156565504,156565504
56696832,157286400,157220864,157220864,157220864
56696832,157941760,157876224,157876224,157876224
56696832,158531584,158466048,158466048,158466048
56696832,159252480,159186944,159186944,159186944
56696832,159973376,159907840,159907840,159907840
56696832,160694272,160628736,160628736,160628736
56696832,161284096,161218560,161218560,161218560
56696832,161808384,161742848,161742848,161742848
56696832,162398208,162332672,162332672,162332672
56696832,162988032,162922496,162922496,162922496
56696832,163708928,163643392,163643392,163643392
56696832,164429824,164364288,164364288,164364288
56696832,165150720,165085184,165085184,165085184
56696832,165871616,165806080,165806080,165806080
56696832,166592512,166526976,166526976,166526976
56696832,167313408,167247872,167247872,167247872
56696832,168034304,167968768,167968768,167968768
56696832,168820736,168755200,168755200,168755200
56696832,169541632,169476096,169476096,169476096
56696832,170196992,170131456,170131456,170131456
56696832,170852352,170786816,170786816,170786816
56967168,171507712,171442176,171442176,171442176
57507840,172163072,172097536,172097536,172097536
57507840,172883968,172818432,172818432,172818432
57507840,173604864,173539328,173539328,173539328
57507840,174194688,174129152,174129152,174129152
57507840,174718976,174653440,174653440,174653440
57507840,175374336,175308800,175308800,175308800
57507840,176095232,176029696,176029696,176029696
57507840,176816128,176750592,176750592,176750592
57507840,177405952,177405952,177405952,177405952
57507840,178126848,178061312,178061312,178061312
57507840,178716672,178651136,178651136,178651136
57507840,179372032,179306496,179306496,179306496
57507840,180092928,180027392,180027392,180027392
57507840,180813824,180748288,180748288,180748288
58114048,181403648,181338112,181338112,181338112
58114048,181993472,181927936,181927936,181927936
58114048,182648832,182583296,182583296,182583296
58114048,183238656,183173120,183173120,183173120
58114048,184025088,183959552,183959552,183959552
58114048,184745984,184680448,184680448,184680448
58114048,185401344,185335808,185335808,185335808
58114048,186122240,186056704,186056704,186056704
58114048,186777600,186712064,186712064,186712064
58114048,187498496,187432960,187432960,187432960
58114048,188219392,188153856,188153856,188153856
58114048,188809216,188743680,188743680,188743680
58114048,189399040,189333504,189333504,189333504
58114048,189988864,189923328,189923328,189923328
58384384,190578688,190513152,190513152,190513152
58384384,191299584,191234048,191234048,191234048
58384384,192020480,191954944,191954944,191954944
58384384,192675840,192610304,192610304,192610304
58384384,193331200,193265664,193265664,193265664
58384384,193921024,193855488,193855488,193855488
58384384,194576384,194510848,194510848,194510848
58384384,195297280,195231744,195231744,195231744
58384384,196018176,195952640,195952640,195952640
58384384,196673536,196608000,196608000,196608000
58384384,197263360,197197824,197197824,197197824
58384384,197853184,197787648,197787648,197787648
58384384,198443008,198377472,198377472,198377472
58384384,199163904,199098368,199098368,199098368
58679296,199884800,199819264,199819264,199819264
58679296,200409088,200343552,200343552,200343552
58679296,201064448,201064448,201064448,201064448
58679296,201654272,201588736,201588736,201588736
58679296,202375168,202309632,202309632,202309632
58679296,203030528,202964992,202964992,202964992
58679296,203685888,203620352,203620352,203620352
58679296,204341248,204275712,204275712,204275712
58679296,204996608,204931072,204931072,204931072
58679296,205586432,205520896,205520896,205520896
58679296,206307328,206241792,206241792,206241792
58679296,207093760,207028224,207028224,207028224
58679296,207814656,207749120,207749120,207749120
58679296,208404480,208338944,208338944,208338944
59514880,208994304,208928768,208928768,208928768
59514880,209584128,209518592,209518592,209518592
59514880,210239488,210173952,210173952,210173952
59514880,210894848,210894848,210894848,210894848
59514880,211615744,211550208,211550208,211550208
59514880,212271104,212205568,212205568,212205568
59514880,212795392,212729856,212729856,212729856
59514880,213516288,213450752,213450752,213450752
59514880,214237184,214171648,214171648,214171648
59514880,214958080,214892544,214892544,214892544
59514880,215678976,215613440,215613440,215613440
59514880,216530944,216465408,216465408,216465408
59514880,217186304,217186304,217186304,217186304
59514880,217907200,217841664,217841664,217841664
60055552,218628096,218562560,218562560,218562560
60055552,219348992,219283456,219283456,219283456
60055552,220069888,220069888,220069888,220069888
60055552,220790784,220725248,220725248,220725248
60055552,221446144,221380608,221380608,221380608
60055552,222167040,222101504,222101504,222101504
60157952,222887936,222822400,222822400,222822400
60157952,223608832,223543296,223543296,223543296
60157952,224329728,224264192,224264192,224264192
60157952,225050624,224985088,224985088,224985088
60157952,225771520,225705984,225705984,225705984
60157952,226492416,226426880,226426880,226426880
60157952,227213312,227147776,227147776,227147776
60698624,227934208,227868672,227868672,227868672
60698624,228655104,228589568,228589568,228589568
60698624,229441536,229376000,229376000,229376000
60698624,230162432,230096896,230096896,230096896
60698624,230883328,230817792,230817792,230817792
60698624,231604224,231538688,231538688,231538688
60698624,232325120,232259584,232259584,232259584
60698624,232980480,232914944,232914944,232914944
60698624,233701376,233635840,233635840,233635840
60698624,234422272,234356736,234356736,234356736
60698624,235143168,235077632,235077632,235077632
60698624,235864064,235798528,235798528,235798528
60698624,236584960,236519424,236519424,236519424
60968960,237305856,237240320,237240320,237240320
60968960,238026752,237961216,237961216,237961216
60968960,238747648,238682112,238682112,238682112
60968960,239534080,239468544,239468544,239468544
60968960,240254976,240189440,240189440,240189440
60968960,240975872,240910336,240910336,240910336
60968960,241696768,241696768,241696768,241696768
60968960,242417664,242352128,242352128,242352128
60968960,243138560,243073024,243073024,243073024
60968960,243859456,243859456,243859456,243859456
60968960,244580352,244514816,244514816,244514816
60968960,245301248,245235712,245235712,245235712
60968960,246022144,245956608,245956608,245956608
61792256,246743040,246677504,246677504,246677504
61792256,247463936,247398400,247398400,247398400
61792256,248184832,248119296,248119296,248119296
61792256,248905728,248840192,248840192,248840192
61792256,249626624,249561088,249561088,249561088
61792256,250347520,250281984,250281984,250281984
61800448,251068416,251002880,251002880,251002880
61800448,251789312,251723776,251723776,251723776
61800448,252444672,252444672,252444672,252444672
61800448,253231104,253165568,253165568,253165568
61800448,253952000,253886464,253886464,253886464
61800448,254672896,254607360,254607360,254607360
61800448,255393792,255328256,255328256,255328256
62070784,256180224,256114688,256114688,256114688
62070784,256901120,256835584,256835584,256835584
62070784,257687552,257622016,257622016,257622016
62070784,258408448,258342912,258342912,258342912
62070784,259129344,259063808,259063808,259063808
62070784,259850240,259784704,259784704,259784704
62070784,260571136,260505600,260505600,260505600
62070784,261292032,261226496,261226496,261226496
62070784,262012928,261947392,261947392,261947392
62070784,262733824,262668288,262668288,262668288
62070784,263454720,263389184,263389184,263389184
62070784,264241152,264175616,264175616,264175616
62070784,264962048,264896512,264896512,264896512
62775296,265682944,265617408,265617408,265617408
62775296,266403840,266338304,266338304,266338304
62775296,267190272,267124736,267124736,267124736
62775296,267911168,267845632,267845632,267845632
62775296,268632064,268566528,268566528,268566528
62775296,269418496,269352960,269352960,269352960
62775296,270073856,270073856,270073856,270073856
62775296,270860288,270794752,270794752,270794752
62775296,271581184,271515648,271515648,271515648
62775296,272302080,272236544,272236544,272236544
62775296,272957440,272891904,272891904,272891904
62775296,273678336,273612800,273612800,273612800
63315968,274399232,274333696,274333696,274333696
63332352,275054592,274989056,274989056,274989056
63332352,275775488,275709952,275709952,275709952
63332352,276496384,276430848,276430848,276430848
63332352,277217280,277151744,277151744,277151744
63332352,277938176,277872640,277872640,277872640
63332352,278659072,278593536,278593536,278593536
63332352,279379968,279314432,279314432,279314432
63332352,280100864,280035328,280035328,280035328
63332352,280821760,280756224,280756224,280756224
63332352,281608192,281542656,281542656,281542656
63332352,282329088,282263552,282263552,282263552
63332352,283049984,282984448,282984448,282984448
63332352,283770880,283705344,283705344,283705344
63545344,284491776,284426240,284426240,284426240
63545344,285212672,285147136,285147136,285147136
63545344,285933568,285868032,285868032,285868032
63545344,286588928,286523392,286523392,286523392
63545344,287309824,287244288,287244288,287244288
63545344,288096256,288030720,288030720,288030720
63545344,288817152,288751616,288751616,288751616
63545344,289538048,289472512,289472512,289472512
63545344,290258944,290193408,290193408,290193408
63545344,290979840,290914304,290914304,290914304
63545344,291700736,291635200,291635200,291635200
63545344,292421632,292356096,292356096,292356096
64086016,293142528,293076992,293076992,293076992
64086016,293797888,293732352,293732352,293732352
64086016,294518784,294453248,294453248,294453248
64086016,295239680,295174144,295174144,295174144
64086016,296026112,295960576,295960576,295960576
64086016,296812544,296747008,296747008,296747008
64086016,297533440,297467904,297467904,297467904
64086016,298319872,298254336,298254336,298254336
64086016,299040768,298975232,298975232,298975232
64086016,299761664,299696128,299696128,299696128
64086016,300482560,300417024,300417024,300417024
64086016,301203456,301137920,301137920,301137920
64176128,301924352,301858816,301858816,301858816
64716800,302645248,302579712,302579712,302579712
64716800,303366144,303300608,303300608,303300608
64716800,304152576,304087040,304087040,304087040
64716800,304939008,304873472,304873472,304873472
64716800,305659904,305594368,305594368,305594368
64716800,306380800,306315264,306315264,306315264
64716800,307101696,307036160,307036160,307036160
64716800,307822592,307757056,307757056,307757056
64716800,308543488,308477952,308477952,308477952
64716800,309264384,309198848,309198848,309198848
64716800,309985280,309919744,309919744,309919744
64716800,310771712,310706176,310706176,310706176
64716800,311492608,311427072,311427072,311427072
65257472,312213504,312147968,312147968,312147968
65257472,312934400,312868864,312868864,312868864
65257472,313655296,313589760,313589760,313589760
65257472,314376192,314310656,314310656,314310656
65257472,315162624,315097088,315097088,315097088
65257472,315883520,315817984,315817984,315817984
65257472,316276736,316276736,316276736,316276736
65257472,316801024,316735488,316735488,316735488
65257472,317521920,317456384,317456384,317456384
65257472,318242816,318177280,318177280,318177280
65257472,318898176,318832640,318832640,318832640
65257472,319619072,319553536,319553536,319553536
65257472,320339968,320274432,320274432,320274432
65257472,321126400,321060864,321060864,321060864
65527808,321716224,321650688,321650688,321650688
65527808,322306048,322240512,322240512,322240512
65527808,322961408,322895872,322895872,322895872
65527808,323682304,323616768,323616768,323616768
65527808,324272128,324206592,324206592,324206592
65527808,324927488,324861952,324861952,324861952
65527808,325451776,325386240,325386240,325386240
65527808,326107136,326041600,326041600,326041600
65527808,326828032,326762496,326762496,326762496
65527808,327483392,327417856,327417856,327417856
65527808,328204288,328138752,328138752,328138752
65527808,328925184,328859648,328859648,328859648
65527808,329580544,329515008,329515008,329515008
65527808,330170368,330104832,330104832,330104832
65982464,330760192,330694656,330694656,330694656
65982464,331481088,331415552,331415552,331415552
65982464,332267520,332201984,332201984,332201984
65982464,332988416,332922880,332922880,332922880
65982464,333512704,333447168,333447168,333447168
65982464,334102528,334036992,334036992,334036992
65982464,334692352,334626816,334626816,334626816
65982464,335413248,335347712,335347712,335347712
65982464,336134144,336068608,336068608,336068608
65982464,336855040,336789504,336789504,336789504
65982464,337444864,337444864,337444864,337444864
65982464,338100224,338034688,338034688,338034688
65982464,338755584,338690048,338690048,338690048
65982464,339476480,339410944,339410944,339410944
66523136,340131840,340066304,340066304,340066304
66523136,340852736,340787200,340787200,340787200
66523136,341508096,341442560,341442560,341442560
66523136,342097920,342032384,342032384,342032384
66523136,342687744,342622208,342622208,342622208
66523136,343408640,343343104,343343104,343343104
66523136,344129536,344064000,344064000,344064000
66523136,344850432,344784896,344784896,344784896
66523136,345505792,345440256,345440256,345440256
66523136,346161152,346095616,346095616,346095616
66523136,346816512,346750976,346750976,346750976
66523136,347471872,347406336,347406336,347406336
66523136,348127232,348061696,348061696,348061696
66523136,348848128,348782592,348782592,348782592
67330048,349569024,349503488,349503488,349503488
67330048,350224384,350158848,350158848,350158848
67330048,350945280,350879744,350879744,350879744
67330048,351666176,351600640,351600640,351600640
67330048,352387072,352321536,352321536,352321536
67330048,353042432,352976896,352976896,352976896
67330048,353697792,353632256,353632256,353632256
67330048,354418688,354353152,354353152,354353152
67330048,355139584,355074048,355074048,355074048
67330048,355860480,355794944,355794944,355794944
67330048,356515840,356450304,356450304,356450304
67330048,357171200,357105664,357105664,357105664
67330048,357761024,357695488,357695488,357695488
67330048,358350848,358285312,358285312,358285312
67870720,359071744,359006208,359006208,359006208
67870720,359792640,359792640,359792640,359792640
67870720,360448000,360382464,360382464,360382464
67870720,361103360,361037824,361037824,361037824
67870720,361693184,361627648,361627648,361627648
67870720,362283008,362217472,362217472,362217472
67870720,363003904,362938368,362938368,362938368
67870720,363724800,363659264,363659264,363659264
67870720,364380160,364314624,364314624,364314624
67870720,365035520,365035520,365035520,365035520
67870720,365821952,365756416,365756416,365756416
67870720,366477312,366411776,366411776,366411776
67870720,367198208,367132672,367132672,367132672
67870720,367853568,367788032,367788032,367788032
68411392,368443392,368377856,368377856,368377856
68411392,369033216,368967680,368967680,368967680
68411392,369623040,369557504,369557504,369557504
68411392,370278400,370212864,370212864,370212864
68411392,370999296,370933760,370933760,370933760
68411392,371720192,371654656,371654656,371654656
68411392,372310016,372244480,372244480,372244480
68411392,372899840,372834304,372834304,372834304
68411392,373555200,373489664,373489664,373489664
68411392,374276096,374210560,374210560,374210560
68411392,374931456,374865920,374865920,374865920
68411392,375652352,375586816,375586816,375586816
68411392,376307712,376242176,376242176,376242176
68411392,376897536,376832000,376832000,376832000
68411392,377552896,377487360,377487360,377487360
68681728,378273792,378208256,378208256,378208256
68681728,378994688,378929152,378929152,378929152
68681728,379715584,379650048,379650048,379650048
68681728,380436480,380370944,380370944,380370944
68681728,381026304,380960768,380960768,380960768
68681728,381681664,381616128,381616128,381616128
68681728,382337024,382271488,382271488,382271488
68681728,383057920,382992384,382992384,382992384
68681728,383778816,383713280,383713280,383713280
68681728,384368640,384303104,384303104,384303104
68681728,385024000,384958464,384958464,384958464
68681728,385679360,385613824,385613824,385613824
68681728,386334720,386269184,386269184,386269184
69492736,387055616,386990080,386990080,386990080
69492736,387776512,387710976,387710976,387710976
69492736,388497408,388431872,388431872,388431872
69492736,389218304,389152768,389152768,389152768
69492736,389873664,389808128,389808128,389808128
69492736,390529024,390463488,390463488,390463488
69492736,391249920,391184384,391184384,391184384
69492736,391970816,391970816,391970816,391970816
69492736,392626176,392560640,392560640,392560640
69492736,393216000,393150464,393150464,393150464
69492736,393871360,393805824,393805824,393805824
69492736,394526720,394461184,394461184,394461184
69492736,395182080,395116544,395116544,395116544
69492736,395902976,395837440,395837440,395837440
69763072,396558336,396492800,396492800,396492800
69763072,397082624,397017088,397017088,397017088
69763072,397672448,397606912,397606912,397606912
69763072,398393344,398327808,398327808,398327808
69763072,399114240,399048704,399048704,399048704
69763072,399835136,399769600,399769600,399769600
69763072,400490496,400424960,400424960,400424960
69763072,401211392,401145856,401145856,401145856
69763072,401866752,401801216,401801216,401801216
69763072,402456576,402391040,402391040,402391040
69763072,403243008,403177472,403177472,403177472
69763072,403898368,403832832,403832832,403832832
69763072,404488192,404422656,404422656,404422656
69763072,405143552,405078016,405078016,405078016
70569984,405798912,405733376,405733376,405733376
70569984,406519808,406454272,406454272,406454272
70569984,407240704,407175168,407175168,407175168
70569984,407961600,407896064,407896064,407896064
70569984,408616960,408551424,408551424,408551424
70569984,409206784,409141248,409141248,409141248
70569984,409927680,409862144,409862144,409862144
70569984,410583040,410517504,410517504,410517504
70569984,411303936,411238400,411238400,411238400
70569984,411893760,411828224,411828224,411828224
70569984,412549120,412483584,412483584,412483584
70569984,413204480,413138944,413138944,413138944
70569984,413794304,413728768,413728768,413728768
70569984,414449664,414384128,414384128,414384128
70983680,415170560,415105024,415105024,415105024
70983680,415891456,415825920,415825920,415825920
70983680,416546816,416481280,416481280,416481280
70983680,417202176,417136640,417136640,417136640
70983680,417792000,417726464,417726464,417726464
70983680,418512896,418447360,418447360,418447360
70983680,419233792,419168256,419168256,419168256
70983680,419954688,419889152,419889152,419889152
70983680,420544512,420478976,420478976,420478976
70983680,421134336,421134336,421134336,421134336
70983680,421789696,421724160,421724160,421724160
70983680,422510592,422445056,422445056,422445056
70983680,423231488,423165952,423165952,423165952
70983680,423952384,423886848,423886848,423886848
71254016,424607744,424542208,424542208,424542208
71254016,425197568,425132032,425132032,425132032
71254016,425787392,425721856,425721856,425721856
71254016,426442752,426377216,426377216,426377216
71254016,427163648,427098112,427098112,427098112
71254016,427819008,427753472,427753472,427753472
71254016,428474368,428408832,428408832,428408832
71254016,428998656,428933120,428933120,428933120
71254016,429588480,429522944,429522944,429522944
71254016,430309376,430243840,430243840,430243840
71254016,430964736,430899200,430899200,430899200
71254016,431685632,431620096,431620096,431620096
71254016,432340992,432275456,432275456,432275456
71254016,432996352,432930816,432930816,432930816
71254016,433520640,433455104,433455104,433455104
71794688,434241536,434176000,434176000,434176000
71794688,434896896,434831360,434831360,434831360
71794688,435552256,435486720,435486720,435486720
71794688,436142080,436076544,436076544,436076544
71794688,436731904,436666368,436666368,436666368
71794688,437387264,437321728,437321728,437321728
71794688,438042624,437977088,437977088,437977088
71794688,438763520,438697984,438697984,438697984
71794688,439484416,439418880,439418880,439418880
71794688,440205312,440139776,440139776,440139776
71794688,440860672,440795136,440795136,440795136
71794688,441450496,441384960,441384960,441384960
71794688,442171392,442105856,442105856,442105856
71794688,442892288,442826752,442826752,442826752
72601600,443482112,443416576,443416576,443416576
72601600,444071936,444006400,444006400,444006400
72601600,444661760,444596224,444596224,444596224
72601600,445251584,445186048,445186048,445186048
72601600,445906944,445841408,445841408,445841408
72601600,446562304,446496768,446496768,446496768
72601600,447283200,447217664,447217664,447217664
72601600,447807488,447741952,447741952,447741952
72601600,448397312,448397312,448397312,448397312
72601600,449052672,448987136,448987136,448987136
72601600,449773568,449708032,449708032,449708032
72601600,450560000,450494464,450494464,450494464
72601600,451215360,451149824,451149824,451149824
72601600,451870720,451870720,451870720,451870720
72601600,452526080,452460544,452460544,452460544
73142272,453115904,453050368,453050368,453050368
73142272,453771264,453705728,453705728,453705728
73142272,454492160,454426624,454426624,454426624
73142272,455147520,455081984,455081984,455081984
73142272,455933952,455868416,455868416,455868416
73142272,456654848,456589312,456589312,456589312
73142272,457310208,457310208,457310208,457310208
73142272,457965568,457900032,457900032,457900032
73142272,458686464,458686464,458686464,458686464
73142272,459407360,459341824,459341824,459341824
73142272,459997184,459931648,459931648,459931648
73142272,460652544,460587008,460587008,460587008
73142272,461307904,461242368,461242368,461242368
73142272,461963264,461897728,461897728,461897728
73691136,462684160,462618624,462618624,462618624
73691136,463405056,463339520,463339520,463339520
73691136,464125952,464060416,464060416,464060416
73691136,464715776,464650240,464650240,464650240
73691136,465305600,465240064,465240064,465240064
73691136,466026496,465960960,465960960,465960960
73691136,466681856,466681856,466681856,466681856
73691136,467402752,467337216,467337216,467337216
73691136,468123648,468058112,468058112,468058112
73691136,468844544,468779008,468779008,468779008
73691136,469499904,469434368,469434368,469434368
73691136,470089728,470024192,470024192,470024192
73691136,470810624,470745088,470745088,470745088
74231808,471531520,471465984,471465984,471465984
74231808,472317952,472252416,472252416,472252416
74231808,472907776,472842240,472842240,472842240
74231808,473563136,473497600,473497600,473497600
74231808,474218496,474152960,474152960,474152960
74231808,474873856,474808320,474808320,474808320
74231808,475660288,475594752,475594752,475594752
74231808,476381184,476315648,476315648,476315648
74231808,477036544,476971008,476971008,476971008
74231808,477691904,477626368,477626368,477626368
74231808,478347264,478281728,478281728,478281728
74231808,479002624,478937088,478937088,478937088
74231808,479657984,479592448,479592448,479592448
74231808,480313344,480247808,480247808,480247808
74502144,480837632,480772096,480772096,480772096
74502144,481492992,481427456,481427456,481427456
74502144,482148352,482082816,482082816,482082816
74502144,482869248,482803712,482803712,482803712
74502144,483590144,483524608,483524608,483524608
74502144,484311040,484245504,484245504,484245504
74502144,485031936,484966400,484966400,484966400
74502144,485621760,485556224,485556224,485556224
74502144,486408192,486342656,486342656,486342656
74502144,487063552,486998016,486998016,486998016
74502144,487784448,487718912,487718912,487718912
74502144,488505344,488439808,488439808,488439808
74502144,489226240,489160704,489160704,489160704
74502144,489750528,489684992,489684992,489684992
75042816,490405888,490340352,490340352,490340352
75042816,491126784,491061248,491061248,491061248
75042816,491847680,491782144,491782144,491782144
75042816,492437504,492371968,492371968,492371968
75042816,493027328,493027328,493027328,493027328
75042816,493682688,493617152,493617152,493617152
75042816,494338048,494272512,494272512,494272512
75042816,495124480,495058944,495058944,495058944
75042816,495779840,495779840,495779840,495779840
75042816,496500736,496435200,496435200,496435200
75042816,497156096,497090560,497090560,497090560
75042816,497680384,497614848,497614848,497614848
75042816,498335744,498270208,498270208,498270208
75042816,498925568,498860032,498860032,498860032
75579392,499515392,499449856,499449856,499449856
75579392,500105216,500039680,500039680,500039680
75579392,500695040,500629504,500629504,500629504
75579392,501284864,501284864,501284864,501284864
75579392,501940224,501874688,501874688,501874688
75579392,502530048,502464512,502464512,502464512
75579392,503185408,503119872,503119872,503119872
75579392,503971840,503906304,503906304,503906304
75579392,504692736,504627200,504627200,504627200
75579392,505413632,505348096,505348096,505348096
75579392,506200064,506134528,506134528,506134528
75579392,506855424,506789888,506789888,506789888
75579392,507510784,507445248,507445248,507445248
75579392,507707392,507641856,507641856,507641856
75579392,508493824,508428288,508428288,508428288
76120064,509214720,509149184,509149184,509149184
76120064,509935616,509870080,509870080,509870080
76120064,510656512,510590976,510590976,510590976
76120064,511246336,511180800,511180800,511180800
76120064,511836160,511770624,511770624,511770624
76120064,512491520,512425984,512425984,512425984
76120064,513146880,513081344,513081344,513081344
76120064,513736704,513736704,513736704,513736704
76120064,514392064,514326528,514326528,514326528
76120064,514981888,514916352,514916352,514916352
76120064,515637248,515571712,515571712,515571712
76120064,516227072,516161536,516161536,516161536
76120064,516816896,516751360,516751360,516751360
76120064,517406720,517341184,517341184,517341184
76120064,517996544,517931008,517931008,517931008
76857344,518651904,518586368,518586368,518586368
76857344,519241728,519176192,519176192,519176192
76857344,519897088,519831552,519831552,519831552
76857344,520486912,520421376,520421376,520421376
76857344,521076736,521011200,521011200,521011200
76857344,521601024,521535488,521535488,521535488
76857344,522190848,522125312,522125312,522125312
76857344,522715136,522649600,522649600,522649600
76857344,523370496,523304960,523304960,523304960
76857344,524091392,524025856,524025856,524025856
76857344,524812288,524746752,524746752,524746752
76857344,525533184,525467648,525467648,525467648
76857344,526254080,526188544,526188544,526188544
76857344,526974976,526909440,526909440,526909440
77148160,527695872,527630336,527630336,527630336
77148160,528416768,528351232,528351232,528351232
77148160,529072128,529006592,529006592,529006592
77148160,529661952,529596416,529596416,529596416
77148160,530382848,530317312,530317312,530317312
77148160,530972672,530907136,530907136,530907136
77148160,531628032,531562496,531562496,531562496
77148160,532217856,532152320,532152320,532152320
77148160,532873216,532807680,532807680,532807680
77148160,533594112,533528576,533528576,533528576
77148160,534315008,534249472,534249472,534249472
77148160,534970368,534904832,534904832,534904832
77148160,535691264,535625728,535625728,535625728
77148160,536346624,536281088,536281088,536281088
77148160,536870912,536870912,536870912,536870912
77148160,536870912,536870912,536870912,536870912
